BGC	Accession ID	Description	Product Prediction	BiG-SCAPE class	Organism	Taxonomy
BGC0000611	BGC0000611	Streptomyces sioyaensis strain ATCC 13989 siomycin biosynthesis gene cluster, complete sequence	LAP.thiopeptide.terpene	Others	Streptomyces sioyaensis	Bacteria,Actinobacteria,Streptomycetales,Streptomycetaceae,Streptomyces
BGC0000630	BGC0000630	Paracoccus haeundaensis astaxanthin biosynthesis gene cluster, complete sequence	terpene	Terpene	Paracoccus haeundaensis	Bacteria,Proteobacteria,Alphaproteobacteria,Rhodobacterales,Rhodobacteraceae,Paracoccus
BGC0000631	BGC0000631	Botrytis cinerea B05.10 chromosome BCIN12, complete sequence	terpene	Terpene	Botrytis cinerea B05.10	Eukaryota,Fungi,Dikarya,Ascomycota,Pezizomycotina,Leotiomycetes,Helotiales,Sclerotiniaceae,Botrytis
BGC0000632	BGC0000632	Nocardia terpenica strain IFM 0406 genomic scaffold scaffold2, whole genome shotgun sequence	terpene	Terpene	Nocardia terpenica	Bacteria,Actinobacteria,Corynebacteriales,Nocardiaceae,Nocardia
BGC0000633	BGC0000633	Streptomyces avermitilis carotenoid biosynthetic gene cluster	terpene	Terpene	Streptomyces avermitilis	Bacteria,Actinobacteria,Streptomycetales,Streptomycetaceae,Streptomyces
BGC0000634	BGC0000634	Brevundimonas sp. NBRC 101024 carotenoid biosynthesis gene cluster (orf1, crtW, crtY, crtI, crtB, orf6, orf7, crtE, idi, crtZ, crtG, orf12), complete cds	terpene	Terpene	Brevundimonas sp. NBRC 101024	Bacteria,Proteobacteria,Alphaproteobacteria,Caulobacterales,Caulobacteraceae,Brevundimonas,unclassified Brevundimonas
BGC0000635	BGC0000635	Paracoccus sp. N81106 carotenoid biosynthesis gene cluster (idi, crtW, crtZ, crtY, crtI, crtB, crtE, crtX), complete cds	terpene	Terpene	Paracoccus sp. N81106	Bacteria,Proteobacteria,Alphaproteobacteria,Rhodobacterales,Rhodobacteraceae,Paracoccus,unclassified Paracoccus (in: Bacteria)
BGC0000636	BGC0000636	Brevibacterium linens carotenoid biosynthetic gene cluster, complete sequence	terpene	Terpene	Brevibacterium linens	Bacteria,Actinobacteria,Micrococcales,Brevibacteriaceae,Brevibacterium
BGC0000637	BGC0000637	Brevibacterium flavum carotenoid biosynthesis gene cluster, partial sequence	terpene	Terpene	Corynebacterium glutamicum	Bacteria,Actinobacteria,Corynebacteriales,Corynebacteriaceae,Corynebacterium
BGC0000638	BGC0000638	Pantoea ananatis carotenoid biosynthesis gene cluster (crtE, crtX, crtY, crtI, crtB, crtZ), complete cds	terpene	Terpene	Pantoea ananatis	Bacteria,Proteobacteria,Gammaproteobacteria,Enterobacterales,Erwiniaceae,Pantoea
BGC0000639	BGC0000639	Enterobacteriaceae bacterium DC260 carotenoid synthesis gene cluster, complete sequence	terpene	Terpene	Enterobacteriaceae bacterium DC260	Bacteria,Proteobacteria,Gammaproteobacteria,Enterobacterales,Enterobacteriaceae
BGC0000640	BGC0000640	Enterobacteriaceae bacterium DC404 carotenoid synthesis gene cluster, complete sequence	terpene	Terpene	Enterobacteriaceae bacterium DC404	Bacteria,Proteobacteria,Gammaproteobacteria,Enterobacterales,Enterobacteriaceae
BGC0000641	BGC0000641	Enterobacteriaceae bacterium DC416 carotenoid synthesis gene cluster, complete sequence	terpene	Terpene	Enterobacteriaceae bacterium DC416	Bacteria,Proteobacteria,Gammaproteobacteria,Enterobacterales,Enterobacteriaceae
BGC0000642	BGC0000642	Enterobacteriaceae bacterium DC413 carotenoid synthesis gene cluster, complete sequence	terpene	Terpene	Enterobacteriaceae bacterium DC413	Bacteria,Proteobacteria,Gammaproteobacteria,Enterobacterales,Enterobacteriaceae
BGC0000643	BGC0000643	Brevundimonas vesicularis carotenoid synthesis gene cluster, complete sequence	terpene	Terpene	Brevundimonas vesicularis	Bacteria,Proteobacteria,Alphaproteobacteria,Caulobacterales,Caulobacteraceae,Brevundimonas
BGC0000644	BGC0000644	Dietzia sp. CQ4 C50 carotenoid synthesis gene cluster, complete sequence	terpene	Terpene	Dietzia sp. CQ4	Bacteria,Actinobacteria,Corynebacteriales,Dietziaceae,Dietzia,unclassified Dietzia
BGC0000645	BGC0000645	Halobacillus halophilus strain DSM 2266 carotenoid biosynthesis gene cluster, complete sequence	terpene	Terpene	Halobacillus halophilus DSM 2266	Bacteria,Firmicutes,Bacilli,Bacillales,Bacillaceae,Halobacillus
BGC0000646	BGC0000646	Uncultured bacterium clone RM3 carotenoid biosynthetic gene cluster, complete sequence	terpene	Terpene	uncultured bacterium	Bacteria,environmental samples
BGC0000647	BGC0000647	carotenoid gene cluster: crtI=phytoene desaturase, crtB=phytoene synthase [Rhodobacter sphaeroides, Genomic, 3084 nt]	terpene	Terpene	Cereibacter sphaeroides	Bacteria,Proteobacteria,Alphaproteobacteria,Rhodobacterales,Rhodobacteraceae,Cereibacter
BGC0000648	BGC0000648	Myxococcus xanthus carotenoid gene cluster	terpene	Terpene	Myxococcus xanthus	Bacteria,Proteobacteria,Deltaproteobacteria,Myxococcales,Cystobacterineae,Myxococcaceae,Myxococcus
BGC0000649	BGC0000649	Streptomyces griseus strain IFO13350 carotinoid biosynthesis gene cluster, complete sequence	terpene	Terpene	Streptomyces griseus subsp. griseus NBRC 13350	Bacteria,Actinobacteria,Streptomycetales,Streptomycetaceae,Streptomyces
BGC0000650	BGC0000650	Algoriphagus sp. KK10202C carotenoid synthesis gene cluster, complete sequence	terpene	Terpene	Algoriphagus sp. KK10202C	Bacteria,Bacteroidetes,Cytophagia,Cytophagales,Cyclobacteriaceae,Algoriphagus,unclassified Algoriphagus
BGC0000651	BGC0000651	Streptomyces argenteolus gene cluster for biosynthesis of tetraterpenoid, KS-505a	terpene	Terpene	Streptomyces argenteolus	Bacteria,Actinobacteria,Streptomycetales,Streptomycetaceae,Streptomyces
BGC0000652	BGC0000652	Streptomyces sp. CNQ525 napyradiomycin biosynthetic gene cluster, partial sequence	T3PKS.terpene	Others	Streptomyces sp. CNQ-525	Bacteria,Actinobacteria,Streptomycetales,Streptomycetaceae,Streptomyces
BGC0000653	BGC0000653	Streptomyces arenae strain TU469 pentalenolactone biosynthetic gene cluster, complete sequence	terpene	Terpene	Streptomyces arenae	Bacteria,Actinobacteria,Streptomycetales,Streptomycetaceae,Streptomyces
BGC0000654	BGC0000654	Streptomyces sp. Tu6071 phenalinolactone biosynthetic gene cluster, complete sequence	PKS-like.terpene	Others	Streptomyces sp. Tu6071	Bacteria,Actinobacteria,Streptomycetales,Streptomycetaceae,Streptomyces
BGC0000656	BGC0000656	Xanthobacter sp. Py2 zeaxanthin biosynthetic gene cluster, complete sequence	terpene	Terpene	Xanthobacter autotrophicus Py2	Bacteria,Proteobacteria,Alphaproteobacteria,Hyphomicrobiales,Xanthobacteraceae,Xanthobacter
BGC0000657	BGC0000657	Pseudanabaena sp. dqh15 2-methylisoborneol (2-MIB) synthesis associated operon, complete sequence	terpene	Terpene	Pseudanabaena sp. dqh15	Bacteria,Cyanobacteria,Pseudanabaenales,Pseudanabaenaceae,Pseudanabaena
BGC0000658	BGC0000658	Streptomyces griseus subsp. griseus NBRC 13350 DNA, complete genome	terpene	Terpene	Streptomyces griseus subsp. griseus NBRC 13350	Bacteria,Actinobacteria,Streptomycetales,Streptomycetaceae,Streptomyces
BGC0000659	BGC0000659	Saccharopolyspora erythraea NRRL2338 complete genome	terpene	Terpene	Saccharopolyspora erythraea NRRL 2338	Bacteria,Actinobacteria,Pseudonocardiales,Pseudonocardiaceae,Saccharopolyspora
BGC0000660	BGC0000660	Streptomyces coelicolor A3(2) complete genome	terpene	Terpene	Streptomyces coelicolor A3(2)	Bacteria,Actinobacteria,Streptomycetales,Streptomycetaceae,Streptomyces,Streptomyces albidoflavus group
BGC0000661	BGC0000661	Nostoc punctiforme PCC 73102 strain ATCC 29133 chromosome, complete genome	terpene	Terpene	Nostoc punctiforme PCC 73102	Bacteria,Cyanobacteria,Nostocales,Nostocaceae,Nostoc
BGC0000663	BGC0000663	Streptomyces coelicolor A3(2) complete genome	terpene	Terpene	Streptomyces coelicolor A3(2)	Bacteria,Actinobacteria,Streptomycetales,Streptomycetaceae,Streptomyces,Streptomyces albidoflavus group
BGC0000664	BGC0000664	Streptomyces griseus subsp. griseus NBRC 13350 DNA, complete genome	terpene	Terpene	Streptomyces griseus subsp. griseus NBRC 13350	Bacteria,Actinobacteria,Streptomycetales,Streptomycetaceae,Streptomyces
BGC0000667	BGC0000667	Penicillium roqueforti FM164 genomic scaffold, ProqFM164S02, whole genome shotgun sequence	terpene	Terpene	Penicillium roqueforti FM164	Eukaryota,Fungi,Dikarya,Ascomycota,Pezizomycotina,Eurotiomycetes,Eurotiomycetidae,Eurotiales,Aspergillaceae,Penicillium
BGC0000669	BGC0000669	Arabidopsis thaliana chromosome 5 sequence	terpene	Terpene	Arabidopsis thaliana	Eukaryota,Viridiplantae,Streptophyta,Embryophyta,Tracheophyta,Spermatophyta,Magnoliopsida,eudicotyledons,Gunneridae,Pentapetalae,rosids,malvids,Brassicales,Brassicaceae,Camelineae,Arabidopsis
BGC0000671	BGC0000671	Oryza sativa Japonica Group DNA, chromosome 4, complete sequence, cultivar: Nipponbare	terpene	Terpene	Oryza sativa Japonica Group	Eukaryota,Viridiplantae,Streptophyta,Embryophyta,Tracheophyta,Spermatophyta,Magnoliopsida,Liliopsida,Poales,Poaceae,BOP clade,Oryzoideae,Oryzeae,Oryzinae,Oryza,Oryza sativa
BGC0000672	BGC0000672	Oryza sativa Japonica Group DNA, chromosome 2, complete sequence, cultivar: Nipponbare	terpene	Terpene	Oryza sativa Japonica Group	Eukaryota,Viridiplantae,Streptophyta,Embryophyta,Tracheophyta,Spermatophyta,Magnoliopsida,Liliopsida,Poales,Poaceae,BOP clade,Oryzoideae,Oryzeae,Oryzinae,Oryza,Oryza sativa
BGC0000674	BGC0000674	Streptomyces clavuligerus ATCC 27064 supercont1.14 genomic scaffold, whole genome shotgun sequence	terpene	Terpene	Streptomyces clavuligerus	Bacteria,Actinobacteria,Streptomycetales,Streptomycetaceae,Streptomyces
BGC0000675	BGC0000675	Streptomyces clavuligerus ATCC 27064 supercont1.31 genomic scaffold, whole genome shotgun sequence	terpene	Terpene	Streptomyces clavuligerus	Bacteria,Actinobacteria,Streptomycetales,Streptomycetaceae,Streptomyces
BGC0000676	BGC0000676	Neocamarosporium betae PbGGS, ACS, PbP450-1, PbTP, PbP450-2, PbTF genes for geranylgeranyldiphosphate synthase, aphidicolan-16b-ol synthase, P450 monooxygenase 1, transporter protein, P450 monooxygenase 2, transcription factor, complete cds	terpene	Terpene	Neocamarosporium betae	Eukaryota,Fungi,Dikarya,Ascomycota,Pezizomycotina,Dothideomycetes,Pleosporomycetidae,Pleosporales,Pleosporineae,Pleosporaceae,Neocamarosporium
BGC0000678	BGC0000678	Streptomyces avermitilis MA-4680 = NBRC 14893 DNA, complete genome	terpene	Terpene	Streptomyces avermitilis MA-4680 = NBRC 14893	Bacteria,Actinobacteria,Streptomycetales,Streptomycetaceae,Streptomyces
BGC0000683	BGC0000683	Streptomyces avermitilis MA-4680 = NBRC 14893 DNA, complete genome	terpene	Terpene	Streptomyces avermitilis MA-4680 = NBRC 14893	Bacteria,Actinobacteria,Streptomycetales,Streptomycetaceae,Streptomyces
BGC0000685	BGC0000685	Alternaria brassicicola ATCC 96836 A_brassicicola-1.0.1_Cont1.94, whole genome shotgun sequence	terpene	Terpene	Alternaria brassicicola ATCC 96836	Eukaryota,Fungi,Dikarya,Ascomycota,Pezizomycotina,Dothideomycetes,Pleosporomycetidae,Pleosporales,Pleosporineae,Pleosporaceae,Alternaria,Alternaria sect. Brassicicola
BGC0000688	BGC0000688	Diaporthe amygdali genomic DNA, strain:N2, clone:PaGenomeD	terpene	Terpene	Diaporthe amygdali	Eukaryota,Fungi,Dikarya,Ascomycota,Pezizomycotina,Sordariomycetes,Sordariomycetidae,Diaporthales,Diaporthaceae,Diaporthe
BGC0000930	BGC0000930	Gibberella zeae 88-1 trichothecene biosynthesis gene cluster, complete sequence	terpene	Terpene	Fusarium graminearum	Eukaryota,Fungi,Dikarya,Ascomycota,Pezizomycotina,Sordariomycetes,Hypocreomycetidae,Hypocreales,Nectriaceae,Fusarium
BGC0001046	BGC0001046	Streptomyces lydicus streptolydigin biosynthesis gene cluster, strain NRRL 2433	NRPS.T1PKS.terpene	Others	Streptomyces lydicus	Bacteria,Actinobacteria,Streptomycetales,Streptomycetaceae,Streptomyces
BGC0001078	BGC0001078	Streptomyces sp. KO-3988 furaquinocin A biosynthetic gene cluster, complete cds	T3PKS.terpene	Others	Streptomyces sp. KO-3988	Bacteria,Actinobacteria,Streptomycetales,Streptomycetaceae,Streptomyces
BGC0001079	BGC0001079	Streptomyces aculeolatus napyradiomycin biosynthetic gene cluster, complete sequence	T3PKS.terpene	Others	Streptomyces aculeolatus	Bacteria,Actinobacteria,Streptomycetales,Streptomycetaceae,Streptomyces
BGC0001082	BGC0001082	Penicillium paxilli strain PN2013 hypothetical protein PP101, hypothetical protein PP102, hypothetical protein PP103, hypothetical protein PP104, hypothetical protein PP105, hypothetical protein PP106, hypothetical protein PP107, hypothetical protein PP108, hypothetical protein PP109, hypothetical protein PP110, hypothetical protein PP111, and hypothetical protein PP112 genes, complete cds; paxilline biosynthetic gene cluster, complete sequence; and hypothetical protein PP121 and hypothetical protein PP122 genes, complete cds	indole.terpene	Others	Penicillium paxilli	Eukaryota,Fungi,Dikarya,Ascomycota,Pezizomycotina,Eurotiomycetes,Eurotiomycetidae,Eurotiales,Aspergillaceae,Penicillium
BGC0001083	BGC0001083	Streptomyces sp. CNH189 merochlorin gene cluster, complete sequence	butyrolactone.T3PKS.terpene	Others	Streptomyces sp. CNH189	Bacteria,Actinobacteria,Streptomycetales,Streptomycetaceae,Streptomyces
BGC0001181	BGC0001181	Streptomyces coelicolor A3(2) complete genome	terpene	Terpene	Streptomyces coelicolor A3(2)	Bacteria,Actinobacteria,Streptomycetales,Streptomycetaceae,Streptomyces,Streptomyces albidoflavus group
BGC0001201	BGC0001201	Sorangium cellulosum 'So ce 56' complete genome	terpene	Terpene	Sorangium cellulosum So ce56	Bacteria,Proteobacteria,Deltaproteobacteria,Myxococcales,Sorangiineae,Polyangiaceae,Sorangium
BGC0001227	BGC0001227	Streptomyces collinus Tu 365 chromosome, complete genome	terpene	Terpene	Streptomyces collinus Tu 365	Bacteria,Actinobacteria,Streptomycetales,Streptomycetaceae,Streptomyces
BGC0001260	BGC0001260	Chaunopycnis alba ORF1, terK, terC, terB, terQ, terM, terP, terF, ORF2, ORF3 genes for indoleamine 2,3-dioxygenase, cytochrome P450 monooxygenase, prenyl transferase, terpene cyclase, cytochrome P450 monooxygenase, FAD-dependent monooxygenase, cytochrome P450 monooxygenase, aromatic prenyl transferase, flavin-binding monooxygenase, heat shock protein, complete cds	indole.terpene	Others	Tolypocladium album	Eukaryota,Fungi,Dikarya,Ascomycota,Pezizomycotina,Sordariomycetes,Hypocreomycetidae,Hypocreales,Ophiocordycipitaceae,Tolypocladium
BGC0001277	BGC0001277	Gibberella zeae strain GZ3639 trichothecene gene cluster, complete sequence	terpene	Terpene	Fusarium graminearum	Eukaryota,Fungi,Dikarya,Ascomycota,Pezizomycotina,Sordariomycetes,Hypocreomycetidae,Hypocreales,Nectriaceae,Fusarium
BGC0001278	BGC0001278	Fusarium sporotrichioides trichothecene gene cluster, complete sequence	terpene	Terpene	Fusarium sporotrichioides	Eukaryota,Fungi,Dikarya,Ascomycota,Pezizomycotina,Sordariomycetes,Hypocreomycetidae,Hypocreales,Nectriaceae,Fusarium
BGC0001321	BGC0001321	Solanum habrochaites isolate LA1778 chromosome 8 terpene biosynthesis gene locus, partial sequence	terpene	Terpene	Solanum habrochaites	Eukaryota,Viridiplantae,Streptophyta,Embryophyta,Tracheophyta,Spermatophyta,Magnoliopsida,eudicotyledons,Gunneridae,Pentapetalae,asterids,lamiids,Solanales,Solanaceae,Solanoideae,Solaneae,Solanum,Solanum subgen. Lycopersicon
BGC0001322	BGC0001322	Solanum lycopersicum chromosome 8 terpene biosythesis gene locus, partial sequence	terpene	Terpene	Solanum lycopersicum	Eukaryota,Viridiplantae,Streptophyta,Embryophyta,Tracheophyta,Spermatophyta,Magnoliopsida,eudicotyledons,Gunneridae,Pentapetalae,asterids,lamiids,Solanales,Solanaceae,Solanoideae,Solaneae,Solanum,Solanum subgen. Lycopersicon
BGC0001323	BGC0001323	Solanum pennellii isolate LA0716 chromosome 8 terpene biosynthesis gene locus, partial sequence	terpene	Terpene	Solanum pennellii	Eukaryota,Viridiplantae,Streptophyta,Embryophyta,Tracheophyta,Spermatophyta,Magnoliopsida,eudicotyledons,Gunneridae,Pentapetalae,asterids,lamiids,Solanales,Solanaceae,Solanoideae,Solaneae,Solanum,Solanum subgen. Lycopersicon
BGC0001324	BGC0001324	Solanum pimpinellifolium isolate LA1589 chromosome 8 terpene biosynthesis gene locus, partial sequence	terpene	Terpene	Solanum pimpinellifolium	Eukaryota,Viridiplantae,Streptophyta,Embryophyta,Tracheophyta,Spermatophyta,Magnoliopsida,eudicotyledons,Gunneridae,Pentapetalae,asterids,lamiids,Solanales,Solanaceae,Solanoideae,Solaneae,Solanum,Solanum subgen. Lycopersicon
BGC0001330	BGC0001330	Micromonospora sp. RV43 contig4_size105044, whole genome shotgun sequence	terpene.T1PKS.NRPS-like	Others	Micromonospora sp. RV43	Bacteria,Actinobacteria,Micromonosporales,Micromonosporaceae,Micromonospora,unclassified Micromonospora
BGC0001339	BGC0001339	Phoma sp. MF5453 transcription factor (mfL3) gene, partial cds; and squalestatin S1 gene cluster, complete sequence	T1PKS.terpene	Others	Phoma sp. MF5453	Eukaryota,Fungi,Dikarya,Ascomycota,Pezizomycotina,Dothideomycetes,Pleosporomycetidae,Pleosporales,Pleosporineae,Didymellaceae,Phoma
BGC0001361	BGC0001361	Serratia plymuthica 4Rx13, complete genome	terpene	Terpene	Serratia plymuthica 4Rx13	Bacteria,Proteobacteria,Gammaproteobacteria,Enterobacterales,Yersiniaceae,Serratia
BGC0001373	BGC0001373	Sordaria araneosa DNA, contains sdnA, sdnB, sdnC, sdnD, sdnE, sdnF, sdnG, sdnH, sdnI, sdnJ, sdnK, sdnL, sdnM, sdnN, sdnO, sdnP, sdnQ, sdnR, sdnS, sdnT gene cluster, strain: ATCC 36386	T1PKS.terpene	Others	Sordaria araneosa	Eukaryota,Fungi,Dikarya,Ascomycota,Pezizomycotina,Sordariomycetes,Sordariomycetidae,Sordariales,Sordariaceae,Sordaria
BGC0001456	BGC0001456	Streptomyces argillaceus genomic DNA containing Isorenieratene biosynthesis gene cluster region, strain ATCC 12956	terpene	Terpene	Streptomyces argillaceus	Bacteria,Actinobacteria,Streptomycetales,Streptomycetaceae,Streptomyces
BGC0001475	BGC0001475	Aspergillus terreus NIH2624 scaffold_6 genomic scaffold, whole genome shotgun sequence	terpene	Terpene	Aspergillus terreus NIH2624	Eukaryota,Fungi,Dikarya,Ascomycota,Pezizomycotina,Eurotiomycetes,Eurotiomycetidae,Eurotiales,Aspergillaceae,Aspergillus,Aspergillus subgen. Circumdati
BGC0001481	BGC0001481	Fusarium fujikuroi IMI 58289 draft genome, chromosome FFUJ_chr10	terpene	Terpene	Fusarium fujikuroi IMI 58289	Eukaryota,Fungi,Dikarya,Ascomycota,Pezizomycotina,Sordariomycetes,Hypocreomycetidae,Hypocreales,Nectriaceae,Fusarium,Fusarium fujikuroi species complex
BGC0001580	BGC0001580	Streptomyces aburaviensis Ebelactone biosynthetic gene cluster, strain ATCC31860	T1PKS.terpene	Others	Kitasatospora aburaviensis	Bacteria,Actinobacteria,Streptomycetales,Streptomycetaceae,Kitasatospora
BGC0001604	BGC0001604	Fusarium fujikuroi strain B14 gibberellin biosynthetic gene cluster, complete sequence	terpene	Terpene	Fusarium fujikuroi	Eukaryota,Fungi,Dikarya,Ascomycota,Pezizomycotina,Sordariomycetes,Hypocreomycetidae,Hypocreales,Nectriaceae,Fusarium,Fusarium fujikuroi species complex
BGC0001617	BGC0001617	Stereum hirsutum FP-91666 SS1 unplaced genomic scaffold STEHIscaffold_4, whole genome shotgun sequence	terpene	Terpene	Stereum hirsutum FP-91666 SS1	Eukaryota,Fungi,Dikarya,Basidiomycota,Agaricomycotina,Agaricomycetes,Russulales,Stereaceae,Stereum
BGC0001642	BGC0001642	Fusarium fujikuroi IMI 58289 draft genome, chromosome FFUJ_chr08	terpene	Terpene	Fusarium fujikuroi IMI 58289	Eukaryota,Fungi,Dikarya,Ascomycota,Pezizomycotina,Sordariomycetes,Hypocreomycetidae,Hypocreales,Nectriaceae,Fusarium,Fusarium fujikuroi species complex
BGC0001646	BGC0001646	Burkholderia gladioli strain Lv-StB lagriamide biosynthesis gene cluster, complete sequence	NRPS.transAT-PKS.terpene	Others	Burkholderia gladioli	Bacteria,Proteobacteria,Betaproteobacteria,Burkholderiales,Burkholderiaceae,Burkholderia
BGC0001706	BGC0001706	Hypoxylon pulicicidum strain MF5954 hypothetical protein, cytochrome P450 oxygenase (nodW), cytochrome P450 oxygenase (nodR), cytochrome P450 oxygenase (nodX), FAD-dependent oxygenase (nodM), indole diterpene cyclase (nodB), FAD-dependent oxygenase (nodO), cytochrome P450 oxygenase (nodJ), geranylgeranyl transferase (nodC), FAD-dependent oxygenase (nodY1), prenyl transferase (nodD2), indole diterpene biosynthesis protein (nodD1), FAD-dependent oxygenase (nodY2), cytochrome P450 oxygenase (nodZ), and hypothetical protein genes, complete cds	indole.terpene	Others	Hypoxylon pulicicidum	Eukaryota,Fungi,Dikarya,Ascomycota,Pezizomycotina,Sordariomycetes,Xylariomycetidae,Xylariales,Hypoxylaceae,Hypoxylon
BGC0001746	BGC0001746	Streptomyces pristinaespiralis ATCC 25486 chromosome, whole genome shotgun sequence	terpene	Terpene	Streptomyces pristinaespiralis ATCC 25486	Bacteria,Actinobacteria,Streptomycetales,Streptomycetaceae,Streptomyces
BGC0001756	BGC0001756	Arabidopsis thaliana chromosome 3, partial sequence	terpene	Terpene	Arabidopsis thaliana	Eukaryota,Viridiplantae,Streptophyta,Embryophyta,Tracheophyta,Spermatophyta,Magnoliopsida,eudicotyledons,Gunneridae,Pentapetalae,rosids,malvids,Brassicales,Brassicaceae,Camelineae,Arabidopsis
BGC0001775	BGC0001775	Cordana terrestris FKA-25 DNA, sespendole biosynthetic gene cluster	indole.terpene	Others	Cordana terrestris	Eukaryota,Fungi,Dikarya,Ascomycota,Pezizomycotina,Sordariomycetes,Sordariomycetidae,Sordariomycetidae incertae sedis,Cordana
BGC0001776	BGC0001776	Penicillium janthinellum strain PN2408 janthitremane gene cluster, partial sequence	indole.terpene	Others	Penicillium janthinellum	Eukaryota,Fungi,Dikarya,Ascomycota,Pezizomycotina,Eurotiomycetes,Eurotiomycetidae,Eurotiales,Aspergillaceae,Penicillium
BGC0001777	BGC0001777	TPA_exp: Escovopsis weberi shearinine biosynthesis gene cluster, complete sequence	indole.terpene	Others	Escovopsis weberi	Eukaryota,Fungi,Dikarya,Ascomycota,Pezizomycotina,Sordariomycetes,Hypocreomycetidae,Hypocreales,Hypocreaceae,Escovopsis
BGC0001811	BGC0001811	Fusarium asiaticum DNA, tri gene cluster	terpene	Terpene	Fusarium asiaticum	Eukaryota,Fungi,Dikarya,Ascomycota,Pezizomycotina,Sordariomycetes,Hypocreomycetidae,Hypocreales,Nectriaceae,Fusarium
BGC0001839	BGC0001839	Aspergillus sp. Z5 contig188_scaffold34, whole genome shotgun sequence	terpene	Terpene	Aspergillus sp. Z5	Eukaryota,Fungi,Dikarya,Ascomycota,Pezizomycotina,Eurotiomycetes,Eurotiomycetidae,Eurotiales,Aspergillaceae,Aspergillus
BGC0001903	BGC0001903	Streptomyces sp. MA37 cytochrome c oxidase subunit I gene, partial cds; cytochrome c oxidase polypeptide 4, lipoprotein, L,D-transpeptidase, two-component system response regulator, cytochrome c oxidase subunit III, cytochrome C heme-binding subunit, ubiquinol-cytochrome C reductase iron-sulfur subunit, ubiquinol-cytochrome c reductase cytochrome b subunit, and cytochrome P450 monooxygenase genes, complete cds; neocarazostatin A biosynthesis gene cluster, complete sequence; and transcriptional regulator and putative integral membrane protein genes, complete cds	terpene	Terpene	Streptomyces sp. MA37	Bacteria,Actinobacteria,Streptomycetales,Streptomycetaceae,Streptomyces
BGC0001910	BGC0001910	Streptomyces cyslabdanicus DNA, related genes for cyslabdan biosynthesis, strain: K04-0144	terpene	Terpene	Streptomyces cyslabdanicus	Bacteria,Actinobacteria,Streptomycetales,Streptomycetaceae,Streptomyces
BGC0001911	BGC0001911	Streptomyces anulatus DNA, related genes for raimonol biosynthesis, strain: GM95	terpene	Terpene	Streptomyces anulatus	Bacteria,Actinobacteria,Streptomycetales,Streptomycetaceae,Streptomyces
BGC0001969	BGC0001969	Talaromyces wortmannii asperterpenoid A biosynthetic gene cluster, complete sequence	terpene	Terpene	Talaromyces wortmannii	Eukaryota,Fungi,Dikarya,Ascomycota,Pezizomycotina,Eurotiomycetes,Eurotiomycetidae,Eurotiales,Trichocomaceae,Talaromyces,Talaromyces sect. Islandici
BGC0001995	BGC0001995	Aspergillus oryzae RIB40 DNA, chromosome 7	terpene	Terpene	Aspergillus oryzae RIB40	Eukaryota,Fungi,Dikarya,Ascomycota,Pezizomycotina,Eurotiomycetes,Eurotiomycetidae,Eurotiales,Aspergillaceae,Aspergillus,Aspergillus subgen. Circumdati
BGC0001997	BGC0001997	Nicotiana tabacum cultivar K326 Nitab4.5_0001461, whole genome shotgun sequence	terpene	Terpene	Nicotiana tabacum	Eukaryota,Viridiplantae,Streptophyta,Embryophyta,Tracheophyta,Spermatophyta,Magnoliopsida,eudicotyledons,Gunneridae,Pentapetalae,asterids,lamiids,Solanales,Solanaceae,Nicotianoideae,Nicotianeae,Nicotiana
BGC0002007	BGC0002007	Amycolatopsis tolypomycina strain DSM 44544, whole genome shotgun sequence	terpene	Terpene	Amycolatopsis tolypomycina	Bacteria,Actinobacteria,Pseudonocardiales,Pseudonocardiaceae,Amycolatopsis
BGC0002019	BGC0002019	TPA_exp: Streptomyces sp. CB03234, complete sequence	terpene	Terpene	Streptomyces sp. CB03234	Bacteria,Actinobacteria,Streptomycetales,Streptomycetaceae,Streptomyces
BGC0002149	BGC0002149	Aspergillus alliaceus strain ATCC 20738 indole diterpene biosynthetic gene cluster, complete sequence	NRPS.terpene	Others	Aspergillus alliaceus	Eukaryota,Fungi,Dikarya,Ascomycota,Pezizomycotina,Eurotiomycetes,Eurotiomycetidae,Eurotiales,Aspergillaceae,Aspergillus
BGC0002173	BGC0002173	Aspergillus fumigatus A1163 scf_000005 genomic scaffold, whole genome shotgun sequence	terpene	Terpene	Aspergillus fumigatus A1163	Eukaryota,Fungi,Dikarya,Ascomycota,Pezizomycotina,Eurotiomycetes,Eurotiomycetidae,Eurotiales,Aspergillaceae,Aspergillus,Aspergillus subgen. Fumigati
BGC0002176	BGC0002176	Fusarium graminearum PH-1 chromosome 1, whole genome shotgun sequence	terpene	Terpene	Fusarium graminearum PH-1	Eukaryota,Fungi,Dikarya,Ascomycota,Pezizomycotina,Sordariomycetes,Hypocreomycetidae,Hypocreales,Nectriaceae,Fusarium
BGC0002246	BGC0002246	Hypholoma sublateritium FD-334 SS-4 unplaced genomic scaffold scaffold_99, whole genome shotgun sequence	terpene	Terpene	Hypholoma sublateritium FD-334 SS-4	Eukaryota,Fungi,Dikarya,Basidiomycota,Agaricomycotina,Agaricomycetes,Agaricomycetidae,Agaricales,Strophariaceae,Hypholoma
BGC0002248	BGC0002248	Aspergillus flavus NRRL3357 chromosome 3	NRPS.terpene	Others	Aspergillus flavus NRRL3357	Eukaryota,Fungi,Dikarya,Ascomycota,Pezizomycotina,Eurotiomycetes,Eurotiomycetidae,Eurotiales,Aspergillaceae,Aspergillus,Aspergillus subgen. Circumdati
BGC0002260	BGC0002260	Annulohypoxylon truncatum culture CBS:140778 brasilane biosynthetic gene cluster, complete sequence	terpene	Terpene	Annulohypoxylon truncatum	Eukaryota,Fungi,Dikarya,Ascomycota,Pezizomycotina,Sordariomycetes,Xylariomycetidae,Xylariales,Hypoxylaceae,Annulohypoxylon
BGC0002283	BGC0002283	Serratia plymuthica strain WS3236 Ga0236286_11, whole genome shotgun sequence	terpene	Terpene	Serratia plymuthica	Bacteria,Proteobacteria,Gammaproteobacteria,Enterobacterales,Yersiniaceae,Serratia
BGC0002309	BGC0002309	Streptomyces cattleya str. NRRL 8057 main chromosome, complete genome	terpene	Terpene	Streptomyces cattleya NRRL 8057 = DSM 46488	Bacteria,Actinobacteria,Streptomycetales,Streptomycetaceae,Streptomyces
BGC0002320	BGC0002320	Penicillium chrysogenum Wisconsin 54-1255 complete genome, contig Pc00c20	terpene	Terpene	Penicillium rubens Wisconsin 54-1255	Eukaryota,Fungi,Dikarya,Ascomycota,Pezizomycotina,Eurotiomycetes,Eurotiomycetidae,Eurotiales,Aspergillaceae,Penicillium,Penicillium chrysogenum species complex
BGC0002338	BGC0002338	Myxococcales bacterium strain MSr12020 sorangipyranone biosynthetic gene cluster, complete sequence	T1PKS.terpene	Others	Myxococcales bacterium	Bacteria,Proteobacteria,Deltaproteobacteria,Myxococcales
BGC0002339	BGC0002339	Vitiosangium cumulatum strain MCy10943 hydroxysorangiadenosine terpene biosynthetic gene cluster, complete sequence	terpene	Terpene	Vitiosangium cumulatum	Bacteria,Proteobacteria,Deltaproteobacteria,Myxococcales,Cystobacterineae,Archangiaceae,Vitiosangium
BGC0002389	BGC0002389	Zea mays cultivar B73 chromosome 10, Zm-B73-REFERENCE-NAM-5.0, whole genome shotgun sequence	terpene	Terpene	Zea mays	Eukaryota,Viridiplantae,Streptophyta,Embryophyta,Tracheophyta,Spermatophyta,Magnoliopsida,Liliopsida,Poales,Poaceae,PACMAD clade,Panicoideae,Andropogonodae,Andropogoneae,Tripsacinae,Zea
BGC0002392	BGC0002392	Oryza sativa Japonica Group DNA, chromosome 7, cultivar: Nipponbare, complete sequence	terpene	Terpene	Oryza sativa Japonica Group	Eukaryota,Viridiplantae,Streptophyta,Embryophyta,Tracheophyta,Spermatophyta,Magnoliopsida,Liliopsida,Poales,Poaceae,BOP clade,Oryzoideae,Oryzeae,Oryzinae,Oryza,Oryza sativa
BGC0002393	BGC0002393	Ricinus communis genomic scaffold scf_1106159296192, whole genome shotgun sequence	terpene	Terpene	Ricinus communis	Eukaryota,Viridiplantae,Streptophyta,Embryophyta,Tracheophyta,Spermatophyta,Magnoliopsida,eudicotyledons,Gunneridae,Pentapetalae,rosids,fabids,Malpighiales,Euphorbiaceae,Acalyphoideae,Acalypheae,Ricinus
BGC0002394	BGC0002394	Taxus chinensis isolate Ta-2019 chromosome 9, whole genome shotgun sequence	terpene	Terpene	Taxus chinensis	Eukaryota,Viridiplantae,Streptophyta,Embryophyta,Tracheophyta,Spermatophyta,Pinopsida,Pinidae,Conifers II,Cupressales,Taxaceae,Taxus
BGC0002395	BGC0002395	Hordeum vulgare subsp. vulgare chromosome 2H, MorexV3_pseudomolecules_assembly, whole genome shotgun sequence	terpene	Terpene	Hordeum vulgare subsp. vulgare	Eukaryota,Viridiplantae,Streptophyta,Embryophyta,Tracheophyta,Spermatophyta,Magnoliopsida,Liliopsida,Poales,Poaceae,BOP clade,Pooideae,Triticodae,Triticeae,Hordeinae,Hordeum
BGC0002396	BGC0002396	Salvia splendens isolate huo1 chromosome 20, whole genome shotgun sequence	terpene	Terpene	Salvia splendens	Eukaryota,Viridiplantae,Streptophyta,Embryophyta,Tracheophyta,Spermatophyta,Magnoliopsida,eudicotyledons,Gunneridae,Pentapetalae,asterids,lamiids,Lamiales,Lamiaceae,Nepetoideae,Mentheae,Salviinae,Salvia,Salvia subgen. Calosphace,core Calosphace
BGC0002397	BGC0002397	Arabidopsis thaliana chromosome 3, partial sequence	terpene	Terpene	Arabidopsis thaliana	Eukaryota,Viridiplantae,Streptophyta,Embryophyta,Tracheophyta,Spermatophyta,Magnoliopsida,eudicotyledons,Gunneridae,Pentapetalae,rosids,malvids,Brassicales,Brassicaceae,Camelineae,Arabidopsis
BGC0002398	BGC0002398	Arabidopsis thaliana chromosome 3, partial sequence	terpene	Terpene	Arabidopsis thaliana	Eukaryota,Viridiplantae,Streptophyta,Embryophyta,Tracheophyta,Spermatophyta,Magnoliopsida,eudicotyledons,Gunneridae,Pentapetalae,rosids,malvids,Brassicales,Brassicaceae,Camelineae,Arabidopsis
BGC0002399	BGC0002399	Capsella rubella cultivar Monte Gargano unplaced genomic scaffold scaffold_3, whole genome shotgun sequence	terpene	Terpene	Capsella rubella	Eukaryota,Viridiplantae,Streptophyta,Embryophyta,Tracheophyta,Spermatophyta,Magnoliopsida,eudicotyledons,Gunneridae,Pentapetalae,rosids,malvids,Brassicales,Brassicaceae,Camelineae,Capsella
BGC0002400	BGC0002400	Brassica oleracea var. oleracea cultivar TO1000 chromosome C5, BOL, whole genome shotgun sequence	terpene	Terpene	Brassica oleracea var. oleracea	Eukaryota,Viridiplantae,Streptophyta,Embryophyta,Tracheophyta,Spermatophyta,Magnoliopsida,eudicotyledons,Gunneridae,Pentapetalae,rosids,malvids,Brassicales,Brassicaceae,Brassiceae,Brassica
BGC0002427	BGC0002427	Metarhizium robertsii ARSEF 23 MAA_Scf_14, whole genome shotgun sequence	T1PKS.terpene	Others	Metarhizium robertsii ARSEF 23	Eukaryota,Fungi,Dikarya,Ascomycota,Pezizomycotina,Sordariomycetes,Hypocreomycetidae,Hypocreales,Clavicipitaceae,Metarhizium
BGC0002445	BGC0002445	Armillaria gallica strain FU02472 terpene biosynthesis gene cluster, complete sequence	terpene	Terpene	Armillaria gallica	Eukaryota,Fungi,Dikarya,Basidiomycota,Agaricomycotina,Agaricomycetes,Agaricomycetidae,Agaricales,Physalacriaceae,Armillaria
BGC0002449	BGC0002449	Uncultured bacterium sterol biosynthesis gene cluster, complete sequence	terpene	Terpene	uncultured bacterium	Bacteria,environmental samples
BGC0002554	BGC0002554	Streptomyces exfoliatus 2419-SVT2 DNA, carquinostatin A biosynthetic gene cluster	terpene	Terpene	Streptomyces exfoliatus	Bacteria,Actinobacteria,Streptomycetales,Streptomycetaceae,Streptomyces
BGC0002557	BGC0002557	Penicillium griseofulvum strain NRRL 35584 penifulvin biosynthetic gene cluster, complete sequence	terpene	Terpene	Penicillium griseofulvum	Eukaryota,Fungi,Dikarya,Ascomycota,Pezizomycotina,Eurotiomycetes,Eurotiomycetidae,Eurotiales,Aspergillaceae,Penicillium
BGC0002591	BGC0002591	Streptomyces sp. strain NA04227 aurachin biosynthetic gene cluster, complete sequence	terpene.ladderane	Others	Streptomyces sp.	Bacteria,Actinobacteria,Streptomycetales,Streptomycetaceae,Streptomyces
BGC0002603	BGC0002603	Aspergillus versicolor 0312 biosynthetic gene cluster of chevalone E and its oxidized derivatives, complete sequence	T1PKS.terpene	Others	Aspergillus versicolor	Eukaryota,Fungi,Dikarya,Ascomycota,Pezizomycotina,Eurotiomycetes,Eurotiomycetidae,Eurotiales,Aspergillaceae,Aspergillus,Aspergillus subgen. Nidulantes
BGC0002604	BGC0002604	Aspergillus felis 0260 DNA, sartorypyrone A biosynthetic gene cluster, complete sequence	T1PKS.terpene	Others	Aspergillus felis	Eukaryota,Fungi,Dikarya,Ascomycota,Pezizomycotina,Eurotiomycetes,Eurotiomycetidae,Eurotiales,Aspergillaceae,Aspergillus
BGC0002614	BGC0002614	Penicillium shearii IFM 42152 DNA, diterpenoid pyrones biosynthesis gene cluster	T1PKS.terpene	Others	Penicillium shearii	Eukaryota,Fungi,Dikarya,Ascomycota,Pezizomycotina,Eurotiomycetes,Eurotiomycetidae,Eurotiales,Aspergillaceae,Penicillium
BGC0002618	BGC0002618	Penicillium crustosum strain PN2402 penitremane gene cluster, partial sequence	NRPS.indole.terpene	Others	Penicillium crustosum	Eukaryota,Fungi,Dikarya,Ascomycota,Pezizomycotina,Eurotiomycetes,Eurotiomycetidae,Eurotiales,Aspergillaceae,Penicillium
BGC0002651	BGC0002651	Rosellinia necatrix DNA, scaffold: Contig87, strain: W97, whole genome shotgun sequence	terpene	Terpene	Rosellinia necatrix	Eukaryota,Fungi,Dikarya,Ascomycota,Pezizomycotina,Sordariomycetes,Xylariomycetidae,Xylariales,Xylariaceae,Rosellinia
BGC0002666	BGC0002666	Streptomyces sp. MA37 legonmycins biosynthesis gene cluster, complete sequence	NRPS.terpene.NRPS-like	Others	Streptomyces sp. MA37	Bacteria,Actinobacteria,Streptomycetales,Streptomycetaceae,Streptomyces
BGC0002707	BGC0002707	Coniophora puteana RWD-64-598 SS2 unplaced genomic scaffold CONPUscaffold_3, whole genome shotgun sequence	terpene	Terpene	Coniophora puteana RWD-64-598 SS2	Eukaryota,Fungi,Dikarya,Basidiomycota,Agaricomycotina,Agaricomycetes,Agaricomycetidae,Boletales,Coniophorineae,Coniophoraceae,Coniophora
BGC0002708	BGC0002708	Coniophora puteana RWD-64-598 SS2 unplaced genomic scaffold CONPUscaffold_3, whole genome shotgun sequence	terpene	Terpene	Coniophora puteana RWD-64-598 SS2	Eukaryota,Fungi,Dikarya,Basidiomycota,Agaricomycotina,Agaricomycetes,Agaricomycetidae,Boletales,Coniophorineae,Coniophoraceae,Coniophora
BGC0002723	BGC0002723	Jatropha curcas isolate ELGS0001-1231 unplaced genomic scaffold, RJC1_Hi-C scaffold_928, whole genome shotgun sequence	terpene	Terpene	Jatropha curcas	Eukaryota,Viridiplantae,Streptophyta,Embryophyta,Tracheophyta,Spermatophyta,Magnoliopsida,eudicotyledons,Gunneridae,Pentapetalae,rosids,fabids,Malpighiales,Euphorbiaceae,Crotonoideae,Jatropheae,Jatropha
BGC0002724	BGC0002724	Jatropha curcas isolate ELGS0001-1231 unplaced genomic scaffold, RJC1_Hi-C scaffold_989, whole genome shotgun sequence	terpene	Terpene	Jatropha curcas	Eukaryota,Viridiplantae,Streptophyta,Embryophyta,Tracheophyta,Spermatophyta,Magnoliopsida,eudicotyledons,Gunneridae,Pentapetalae,rosids,fabids,Malpighiales,Euphorbiaceae,Crotonoideae,Jatropheae,Jatropha
FJ_XM_contig_2813959.region001	FJ_XM_contig_2813959	Genus species strain strain	terpene	Terpene	Genus species Unclassified.	
GD_ZH_contig_11168689.region001	GD_ZH_contig_11168689	Genus species strain strain	terpene	Terpene	Genus species Unclassified.	
GD_ZH_contig_11519269.region001	GD_ZH_contig_11519269	Genus species strain strain	terpene	Terpene	Genus species Unclassified.	
GD_ZH_contig_12515053.region001	GD_ZH_contig_12515053	Genus species strain strain	terpene	Terpene	Genus species Unclassified.	
GD_ZH_contig_13860703.region001	GD_ZH_contig_13860703	Genus species strain strain	terpene	Terpene	Genus species Unclassified.	
GD_ZH_contig_15177757.region001	GD_ZH_contig_15177757	Genus species strain strain	terpene	Terpene	Genus species Unclassified.	
GD_ZH_contig_15232623.region001	GD_ZH_contig_15232623	Genus species strain strain	terpene	Terpene	Genus species Unclassified.	
GD_ZH_contig_18629089.region001	GD_ZH_contig_18629089	Genus species strain strain	terpene	Terpene	Genus species Unclassified.	
GD_ZH_contig_20748211.region001	GD_ZH_contig_20748211	Genus species strain strain	terpene	Terpene	Genus species Unclassified.	
GD_ZH_contig_21165519.region001	GD_ZH_contig_21165519	Genus species strain strain	terpene	Terpene	Genus species Unclassified.	
GD_ZH_contig_21728907.region001	GD_ZH_contig_21728907	Genus species strain strain	terpene	Terpene	Genus species Unclassified.	
GD_ZH_contig_22690117.region001	GD_ZH_contig_22690117	Genus species strain strain	terpene	Terpene	Genus species Unclassified.	
GD_ZH_contig_23039459.region001	GD_ZH_contig_23039459	Genus species strain strain	terpene	Terpene	Genus species Unclassified.	
GD_ZH_contig_23696060.region001	GD_ZH_contig_23696060	Genus species strain strain	terpene	Terpene	Genus species Unclassified.	
GD_ZH_contig_23710922.region001	GD_ZH_contig_23710922	Genus species strain strain	terpene	Terpene	Genus species Unclassified.	
GD_ZH_contig_25819278.region001	GD_ZH_contig_25819278	Genus species strain strain	terpene	Terpene	Genus species Unclassified.	
GD_ZH_contig_271760.region001	GD_ZH_contig_271760	Genus species strain strain	terpene	Terpene	Genus species Unclassified.	
GD_ZH_contig_3798809.region001	GD_ZH_contig_3798809	Genus species strain strain	terpene	Terpene	Genus species Unclassified.	
GD_ZH_contig_4614422.region001	GD_ZH_contig_4614422	Genus species strain strain	terpene	Terpene	Genus species Unclassified.	
GD_ZH_contig_5560556.region001	GD_ZH_contig_5560556	Genus species strain strain	terpene	Terpene	Genus species Unclassified.	
GD_ZH_contig_690738.region001	GD_ZH_contig_690738	Genus species strain strain	terpene	Terpene	Genus species Unclassified.	
GD_ZH_contig_7615084.region001	GD_ZH_contig_7615084	Genus species strain strain	terpene	Terpene	Genus species Unclassified.	
GD_ZH_contig_81338.region001	GD_ZH_contig_81338	Genus species strain strain	terpene	Terpene	Genus species Unclassified.	
GD_ZH_contig_8508877.region001	GD_ZH_contig_8508877	Genus species strain strain	terpene	Terpene	Genus species Unclassified.	
GD_ZH_contig_9427432.region001	GD_ZH_contig_9427432	Genus species strain strain	terpene	Terpene	Genus species Unclassified.	
GX_BH_contig_10108032.region001	GX_BH_contig_10108032	Genus species strain strain	terpene	Terpene	Genus species Unclassified.	
GX_BH_contig_12055568.region001	GX_BH_contig_12055568	Genus species strain strain	terpene	Terpene	Genus species Unclassified.	
GX_BH_contig_12341959.region001	GX_BH_contig_12341959	Genus species strain strain	terpene	Terpene	Genus species Unclassified.	
GX_BH_contig_16427542.region001	GX_BH_contig_16427542	Genus species strain strain	terpene	Terpene	Genus species Unclassified.	
GX_BH_contig_16858399.region001	GX_BH_contig_16858399	Genus species strain strain	terpene	Terpene	Genus species Unclassified.	
GX_BH_contig_29658063.region001	GX_BH_contig_29658063	Genus species strain strain	terpene	Terpene	Genus species Unclassified.	
GX_BH_contig_33343095.region001	GX_BH_contig_33343095	Genus species strain strain	terpene	Terpene	Genus species Unclassified.	
HN_SY_contig_10671765.region001	HN_SY_contig_10671765	Genus species strain strain	terpene	Terpene	Genus species Unclassified.	
HN_SY_contig_13282090.region001	HN_SY_contig_13282090	Genus species strain strain	terpene	Terpene	Genus species Unclassified.	
HN_SY_contig_20471158.region001	HN_SY_contig_20471158	Genus species strain strain	terpene	Terpene	Genus species Unclassified.	
HN_SY_contig_32261994.region001	HN_SY_contig_32261994	Genus species strain strain	terpene	Terpene	Genus species Unclassified.	
JS_LYG_contig_2628360.region001	JS_LYG_contig_2628360	Genus species strain strain	terpene	Terpene	Genus species Unclassified.	
JS_YC_contig_15133020.region001	JS_YC_contig_15133020	Genus species strain strain	terpene	Terpene	Genus species Unclassified.	
JS_YC_contig_1576837.region001	JS_YC_contig_1576837	Genus species strain strain	terpene	Terpene	Genus species Unclassified.	
JS_YC_contig_16477379.region001	JS_YC_contig_16477379	Genus species strain strain	terpene	Terpene	Genus species Unclassified.	
JS_YC_contig_18384098.region001	JS_YC_contig_18384098	Genus species strain strain	terpene	Terpene	Genus species Unclassified.	
JS_YC_contig_19437490.region001	JS_YC_contig_19437490	Genus species strain strain	terpene	Terpene	Genus species Unclassified.	
JS_YC_contig_21011630.region001	JS_YC_contig_21011630	Genus species strain strain	terpene	Terpene	Genus species Unclassified.	
JS_YC_contig_21011630.region002	JS_YC_contig_21011630	Genus species strain strain	terpene	Terpene	Genus species Unclassified.	
JS_YC_contig_21700320.region001	JS_YC_contig_21700320	Genus species strain strain	arylpolyene.terpene	Others	Genus species Unclassified.	
JS_YC_contig_22083760.region001	JS_YC_contig_22083760	Genus species strain strain	terpene	Terpene	Genus species Unclassified.	
JS_YC_contig_27825850.region001	JS_YC_contig_27825850	Genus species strain strain	terpene	Terpene	Genus species Unclassified.	
JS_YC_contig_4370753.region001	JS_YC_contig_4370753	Genus species strain strain	terpene	Terpene	Genus species Unclassified.	
JS_YC_contig_62914.region001	JS_YC_contig_62914	Genus species strain strain	terpene	Terpene	Genus species Unclassified.	
JS_YC_contig_62914.region002	JS_YC_contig_62914	Genus species strain strain	terpene	Terpene	Genus species Unclassified.	
JS_YC_contig_7379985.region001	JS_YC_contig_7379985	Genus species strain strain	terpene	Terpene	Genus species Unclassified.	
JS_YC_contig_7757555.region001	JS_YC_contig_7757555	Genus species strain strain	terpene	Terpene	Genus species Unclassified.	
JS_YC_contig_916902.region001	JS_YC_contig_916902	Genus species strain strain	terpene	Terpene	Genus species Unclassified.	
JS_YC_contig_9600639.region001	JS_YC_contig_9600639	Genus species strain strain	terpene	Terpene	Genus species Unclassified.	
LN_DD_contig_11057742.region001	LN_DD_contig_11057742	Genus species strain strain	terpene	Terpene	Genus species Unclassified.	
LN_DD_contig_15142576.region001	LN_DD_contig_15142576	Genus species strain strain	terpene	Terpene	Genus species Unclassified.	
LN_DD_contig_18266370.region001	LN_DD_contig_18266370	Genus species strain strain	terpene	Terpene	Genus species Unclassified.	
LN_DD_contig_20558711.region001	LN_DD_contig_20558711	Genus species strain strain	terpene	Terpene	Genus species Unclassified.	
SD_DY_contig_11076962.region001	SD_DY_contig_11076962	Genus species strain strain	terpene	Terpene	Genus species Unclassified.	
SD_DY_contig_12023912.region001	SD_DY_contig_12023912	Genus species strain strain	terpene	Terpene	Genus species Unclassified.	
SD_DY_contig_13178059.region001	SD_DY_contig_13178059	Genus species strain strain	terpene	Terpene	Genus species Unclassified.	
SD_DY_contig_15864561.region001	SD_DY_contig_15864561	Genus species strain strain	terpene	Terpene	Genus species Unclassified.	
SD_DY_contig_18885823.region001	SD_DY_contig_18885823	Genus species strain strain	terpene	Terpene	Genus species Unclassified.	
SD_DY_contig_19756711.region001	SD_DY_contig_19756711	Genus species strain strain	terpene	Terpene	Genus species Unclassified.	
SD_DY_contig_21293606.region001	SD_DY_contig_21293606	Genus species strain strain	terpene	Terpene	Genus species Unclassified.	
SD_DY_contig_21769247.region002	SD_DY_contig_21769247	Genus species strain strain	terpene	Terpene	Genus species Unclassified.	
SD_DY_contig_22131439.region001	SD_DY_contig_22131439	Genus species strain strain	terpene	Terpene	Genus species Unclassified.	
SD_DY_contig_2257385.region002	SD_DY_contig_2257385	Genus species strain strain	terpene	Terpene	Genus species Unclassified.	
SD_DY_contig_22824326.region001	SD_DY_contig_22824326	Genus species strain strain	terpene	Terpene	Genus species Unclassified.	
SD_DY_contig_25818256.region001	SD_DY_contig_25818256	Genus species strain strain	terpene	Terpene	Genus species Unclassified.	
SD_DY_contig_27717175.region001	SD_DY_contig_27717175	Genus species strain strain	terpene	Terpene	Genus species Unclassified.	
SD_DY_contig_27978922.region001	SD_DY_contig_27978922	Genus species strain strain	terpene	Terpene	Genus species Unclassified.	
SD_DY_contig_6127333.region001	SD_DY_contig_6127333	Genus species strain strain	terpene	Terpene	Genus species Unclassified.	
SD_DY_contig_6242392.region001	SD_DY_contig_6242392	Genus species strain strain	terpene	Terpene	Genus species Unclassified.	
SD_DY_contig_655463.region001	SD_DY_contig_655463	Genus species strain strain	terpene	Terpene	Genus species Unclassified.	
SD_DY_contig_6714579.region001	SD_DY_contig_6714579	Genus species strain strain	terpene	Terpene	Genus species Unclassified.	
SD_DY_contig_743692.region001	SD_DY_contig_743692	Genus species strain strain	terpene	Terpene	Genus species Unclassified.	
SD_DY_contig_7993784.region001	SD_DY_contig_7993784	Genus species strain strain	RRE-containing.terpene	Others	Genus species Unclassified.	
SD_DY_contig_8312628.region001	SD_DY_contig_8312628	Genus species strain strain	terpene	Terpene	Genus species Unclassified.	
SD_DY_contig_9206545.region001	SD_DY_contig_9206545	Genus species strain strain	terpene	Terpene	Genus species Unclassified.	
SD_QD_contig_10339056.region001	SD_QD_contig_10339056	Genus species strain strain	terpene	Terpene	Genus species Unclassified.	
SD_QD_contig_10339056.region002	SD_QD_contig_10339056	Genus species strain strain	terpene	Terpene	Genus species Unclassified.	
SD_QD_contig_10380044.region001	SD_QD_contig_10380044	Genus species strain strain	terpene	Terpene	Genus species Unclassified.	
SD_QD_contig_1714841.region001	SD_QD_contig_1714841	Genus species strain strain	terpene	Terpene	Genus species Unclassified.	
SD_QD_contig_17383934.region001	SD_QD_contig_17383934	Genus species strain strain	terpene	Terpene	Genus species Unclassified.	
SD_QD_contig_18123446.region001	SD_QD_contig_18123446	Genus species strain strain	terpene	Terpene	Genus species Unclassified.	
SD_QD_contig_5490440.region001	SD_QD_contig_5490440	Genus species strain strain	terpene	Terpene	Genus species Unclassified.	
SD_QD_contig_6912869.region001	SD_QD_contig_6912869	Genus species strain strain	terpene	Terpene	Genus species Unclassified.	
ZJ_NB_contig_12399028.region001	ZJ_NB_contig_12399028	Genus species strain strain	terpene	Terpene	Genus species Unclassified.	
ZJ_NB_contig_13344857.region001	ZJ_NB_contig_13344857	Genus species strain strain	terpene	Terpene	Genus species Unclassified.	
ZJ_NB_contig_13726994.region001	ZJ_NB_contig_13726994	Genus species strain strain	terpene	Terpene	Genus species Unclassified.	
ZJ_NB_contig_15508825.region001	ZJ_NB_contig_15508825	Genus species strain strain	terpene	Terpene	Genus species Unclassified.	
ZJ_NB_contig_22334498.region001	ZJ_NB_contig_22334498	Genus species strain strain	terpene	Terpene	Genus species Unclassified.	
ZJ_NB_contig_2251211.region001	ZJ_NB_contig_2251211	Genus species strain strain	terpene	Terpene	Genus species Unclassified.	
ZJ_NB_contig_228189.region001	ZJ_NB_contig_228189	Genus species strain strain	terpene	Terpene	Genus species Unclassified.	
ZJ_NB_contig_23972005.region001	ZJ_NB_contig_23972005	Genus species strain strain	terpene	Terpene	Genus species Unclassified.	
ZJ_NB_contig_25857530.region001	ZJ_NB_contig_25857530	Genus species strain strain	terpene	Terpene	Genus species Unclassified.	
ZJ_NB_contig_4036110.region001	ZJ_NB_contig_4036110	Genus species strain strain	terpene	Terpene	Genus species Unclassified.	
ZJ_NB_contig_5406829.region001	ZJ_NB_contig_5406829	Genus species strain strain	terpene	Terpene	Genus species Unclassified.	
ZJ_NB_contig_5940340.region001	ZJ_NB_contig_5940340	Genus species strain strain	terpene	Terpene	Genus species Unclassified.	
ZJ_NB_contig_6893327.region001	ZJ_NB_contig_6893327	Genus species strain strain	terpene	Terpene	Genus species Unclassified.	
ZJ_NB_contig_7145030.region001	ZJ_NB_contig_7145030	Genus species strain strain	terpene	Terpene	Genus species Unclassified.	
ZJ_NB_contig_9095850.region001	ZJ_NB_contig_9095850	Genus species strain strain	terpene	Terpene	Genus species Unclassified.	
ZJ_WZ_contig_14405051.region001	ZJ_WZ_contig_14405051	Genus species strain strain	terpene	Terpene	Genus species Unclassified.	
ZJ_WZ_contig_15853509.region001	ZJ_WZ_contig_15853509	Genus species strain strain	terpene	Terpene	Genus species Unclassified.	
ZJ_WZ_contig_16088462.region001	ZJ_WZ_contig_16088462	Genus species strain strain	terpene	Terpene	Genus species Unclassified.	
ZJ_WZ_contig_16114896.region001	ZJ_WZ_contig_16114896	Genus species strain strain	terpene	Terpene	Genus species Unclassified.	
ZJ_WZ_contig_18452205.region002	ZJ_WZ_contig_18452205	Genus species strain strain	terpene	Terpene	Genus species Unclassified.	
ZJ_WZ_contig_1964742.region001	ZJ_WZ_contig_1964742	Genus species strain strain	terpene	Terpene	Genus species Unclassified.	
ZJ_WZ_contig_22617918.region001	ZJ_WZ_contig_22617918	Genus species strain strain	terpene	Terpene	Genus species Unclassified.	
ZJ_WZ_contig_23867843.region001	ZJ_WZ_contig_23867843	Genus species strain strain	terpene	Terpene	Genus species Unclassified.	
ZJ_WZ_contig_25960263.region001	ZJ_WZ_contig_25960263	Genus species strain strain	terpene	Terpene	Genus species Unclassified.	
ZJ_WZ_contig_3206502.region001	ZJ_WZ_contig_3206502	Genus species strain strain	terpene	Terpene	Genus species Unclassified.	
ZJ_WZ_contig_3869886.region001	ZJ_WZ_contig_3869886	Genus species strain strain	terpene	Terpene	Genus species Unclassified.	
ZJ_WZ_contig_5523397.region001	ZJ_WZ_contig_5523397	Genus species strain strain	terpene	Terpene	Genus species Unclassified.	
ZJ_WZ_contig_5699920.region002	ZJ_WZ_contig_5699920	Genus species strain strain	terpene	Terpene	Genus species Unclassified.	
ZJ_WZ_contig_9074749.region001	ZJ_WZ_contig_9074749	Genus species strain strain	terpene	Terpene	Genus species Unclassified.	
